{
  "version": "2.0",
  "logging": {
    "applicationInsights": {
      "samplingSettings": {
        "isEnabled": true,
        "excludedTypes": "Request"
      }
    }
  },
  "extensionBundle": {
    "id": "Microsoft.Azure.Functions.ExtensionBundle",
    "version": "[4.*, 5.0.0)"
  },
  "customHandler": {
    "description": {
      "defaultExecutablePath": "handler/handler.exe",
      "arguments": [
        "-dcr-stream", "%TABLE_NAME%",
        "-dcr-uuid", "%DCR_IMMUTABLE_ID%",
        "-logs-endpoint", "%DATA_COLLECTION_ENDPOINT%",
        "-storage-endpoint", "%BLOB_URL%",
        "-nordpass-token", "%NORDPASS_TOKEN%",
        "-nordpass-endpoint-url", "%NORDPASS_ENDPOINT_URL%"
      ]
    }
  }
}
